{
  "fg": {
    "secondary": {
      "$type": "color",
      "$value": "{base.neutral.100}"
    },
    "tertiary": {
      "$type": "color",
      "$value": "{base.neutral.200}"
    },
    "default": {
      "$type": "color",
      "$value": "{base.shades.white}"
    }
  },
  "bg": {
    "tertiary": {
      "$type": "color",
      "$value": "{base.neutral.600}"
    },
    "secondary": {
      "$type": "color",
      "$value": "{base.neutral.700}"
    },
    "default": {
      "$type": "color",
      "$value": "{base.neutral.900}"
    }
  },
  "primary": {
    "background": {
      "$type": "color",
      "$value": "{primary.800}"
    },
    "default": {
      "$type": "color",
      "$value": "{primary.500}"
    },
    "on": {
      "$type": "color",
      "$value": "{base.shades.white}"
    }
  },
  "secondary": {
    "default": {
      "$type": "color",
      "$value": "{primary.gold.500}"
    },
    "on": {
      "$type": "color",
      "$value": "{base.shades.white}"
    },
    "background": {
      "$type": "color",
      "$value": "{primary.gold.700}"
    }
  },
  "surface": {
    "dim": {
      "$type": "color",
      "$value": "{base.neutral.900}"
    },
    "default": {
      "$type": "color",
      "$value": "{base.neutral.800}"
    },
    "bright": {
      "$type": "color",
      "$value": "{base.neutral.700}"
    }
  },
  "outline": {
    "default": {
      "$type": "color",
      "$value": "{base.neutral.600}"
    },
    "variant": {
      "$type": "color",
      "$value": "{base.neutral.500}"
    }
  }
}