{
  "fg": {
    "secondary": {
      "$type": "color",
      "$value": "{base.neutral.400}"
    },
    "tertiary": {
      "$type": "color",
      "$value": "{base.neutral.200}"
    },
    "default": {
      "$type": "color",
      "$value": "{base.shades.black}"
    }
  },
  "bg": {
    "tertiary": {
      "$type": "color",
      "$value": "{base.neutral.100}"
    },
    "secondary": {
      "$type": "color",
      "$value": "{base.neutral.50}"
    },
    "default": {
      "$type": "color",
      "$value": "{base.shades.white}"
    }
  },
  "primary": {
    "background": {
      "$type": "color",
      "$value": "{primary.300}"
    },
    "default": {
      "$type": "color",
      "$value": "{primary.700}"
    },
    "on": {
      "$type": "color",
      "$value": "{base.shades.white}"
    }
  },
  "secondary": {
    "default": {
      "$type": "color",
      "$value": "{primary.gold.500}"
    },
    "on": {
      "$type": "color",
      "$value": "{base.shades.white}"
    },
    "background": {
      "$type": "color",
      "$value": "{primary.gold.300}"
    }
  },
  "surface": {
    "dim": {
      "$type": "color",
      "$value": "{base.neutral.100}"
    },
    "default": {
      "$type": "color",
      "$value": "{base.neutral.50}"
    },
    "bright": {
      "$type": "color",
      "$value": "{base.shades.white}"
    }
  },
  "outline": {
    "default": {
      "$type": "color",
      "$value": "{base.neutral.700}"
    },
    "regular": {
      "$type": "color",
      "$value": "{base.neutral.600}"
    }
  }
}