{
  "base": {
    "shades": {
      "white": {
        "$type": "color",
        "$value": "#ffffff"
      },
      "black": {
        "$type": "color",
        "$value": "#000000"
      }
    },
    "neutral": {
      "50": {
        "$type": "color",
        "$value": "#fafafa"
      },
      "100": {
        "$type": "color",
        "$value": "#f5f5f5"
      },
      "200": {
        "$type": "color",
        "$value": "#e5e5e5"
      },
      "300": {
        "$type": "color",
        "$value": "#d4d4d4"
      },
      "400": {
        "$type": "color",
        "$value": "#bbbbbb"
      },
      "500": {
        "$type": "color",
        "$value": "#737373"
      },
      "600": {
        "$type": "color",
        "$value": "#525252"
      },
      "700": {
        "$type": "color",
        "$value": "#404040"
      },
      "800": {
        "$type": "color",
        "$value": "#262626"
      },
      "900": {
        "$type": "color",
        "$value": "#171717"
      },
      "950": {
        "$type": "color",
        "$value": "#0a0a0a"
      }
    },
    "colors": {
      "red": {
        "$type": "color",
        "$value": "#f80925"
      },
      "green": {
        "$type": "color",
        "$value": "#10a76f"
      },
      "blue": {
        "$type": "color",
        "$value": "#0066ff"
      }
    }
  },
  "key": {
    "primary": {
      "$type": "color",
      "$value": "#8a38f5"
    }
  },
  "primary": {
    "100": {
      "$type": "color",
      "$value": "#e2edfe"
    },
    "200": {
      "$type": "color",
      "$value": "#c9ddf8"
    },
    "300": {
      "$type": "color",
      "$value": "#abceed"
    },
    "400": {
      "$type": "color",
      "$value": "#92bedd"
    },
    "500": {
      "$type": "color",
      "$value": "#5d95c0"
    },
    "600": {
      "$type": "color",
      "$value": "#396e93"
    },
    "700": {
      "$type": "color",
      "$value": "#033c5a"
    },
    "800": {
      "$type": "color",
      "$value": "#002940"
    },
    "900": {
      "$type": "color",
      "$value": "#001a29"
    }
  }
}