{
  "padding": {
    "xxl": {
      "$type": "number",
      "$value": "{dimension.xxl}"
    },
    "xl": {
      "$type": "number",
      "$value": "{dimension.xl}"
    },
    "lg": {
      "$type": "number",
      "$value": "{dimension.lg}"
    },
    "md": {
      "$type": "number",
      "$value": "{dimension.md}"
    },
    "sm": {
      "$type": "number",
      "$value": "{dimension.sm}"
    },
    "xs": {
      "$type": "number",
      "$value": "{dimension.xs}"
    }
  },
  "sizing": {
    "xxl": {
      "$type": "number",
      "$value": "{grid.1600}"
    },
    "xl": {
      "$type": "number",
      "$value": "{grid.1200}"
    },
    "lg": {
      "$type": "number",
      "$value": "{grid.800}"
    },
    "md": {
      "$type": "number",
      "$value": "{grid.600}"
    },
    "sm": {
      "$type": "number",
      "$value": "{grid.400}"
    }
  },
  "borderRadius": {
    "full": {
      "$type": "number",
      "$value": 9999
    },
    "xl": {
      "$type": "number",
      "$value": "{dimension.md}"
    },
    "lg": {
      "$type": "number",
      "$value": "{dimension.sm}"
    },
    "md": {
      "$type": "number",
      "$value": "{scale.400}"
    },
    "sm": {
      "$type": "number",
      "$value": "{dimension.xs}"
    },
    "none": {
      "$type": "number",
      "$value": 0
    }
  },
  "borderWidth": {
    "device": {
      "$type": "number",
      "$value": 8
    },
    "focus ring": {
      "$type": "number",
      "$value": 2
    },
    "outline": {
      "$type": "number",
      "$value": 1
    }
  },
  "opacity": {
    "full": {
      "$type": "number",
      "$value": 100
    },
    "high": {
      "$type": "number",
      "$value": 90
    },
    "md-high": {
      "$type": "number",
      "$value": 75
    },
    "md": {
      "$type": "number",
      "$value": 50
    },
    "md-low": {
      "$type": "number",
      "$value": 25
    },
    "low": {
      "$type": "number",
      "$value": 10
    },
    "none": {
      "$type": "number",
      "$value": 0
    }
  }
}