{
  "fontFamilies": {
    "sans": {
      "$type": "text",
      "$value": "Inter"
    },
    "display": {
      "$type": "text",
      "$value": "Liberator"
    },
    "code": {
      "$type": "text",
      "$value": "Roboto Mono"
    }
  },
  "fontWeights": {
    "regular": {
      "$type": "number",
      "$value": 400
    },
    "medium": {
      "$type": "number",
      "$value": 500
    },
    "semibold": {
      "$type": "number",
      "$value": 600
    },
    "bold": {
      "$type": "number",
      "$value": 700
    },
    "extrabold": {
      "$type": "number",
      "$value": 800
    },
    "black": {
      "$type": "number",
      "$value": 900
    },
    "emphasized": {
      "$type": "text",
      "$value": "Regular Italic"
    }
  },
  "fontSizes": {
    "9xl": {
      "$type": "number",
      "$value": 128
    },
    "8xl": {
      "$type": "number",
      "$value": 96
    },
    "7xl": {
      "$type": "number",
      "$value": 72
    },
    "6xl": {
      "$type": "number",
      "$value": 60
    },
    "5xl": {
      "$type": "number",
      "$value": 48
    },
    "4xl": {
      "$type": "number",
      "$value": 40
    },
    "3xl": {
      "$type": "number",
      "$value": 30
    },
    "2xl": {
      "$type": "number",
      "$value": 24
    },
    "xl": {
      "$type": "number",
      "$value": 20
    },
    "lg": {
      "$type": "number",
      "$value": 18
    },
    "base": {
      "$type": "number",
      "$value": 16
    },
    "sm": {
      "$type": "number",
      "$value": 14
    },
    "xs": {
      "$type": "number",
      "$value": 12
    }
  },
  "lineHeights": {
    "9xl": {
      "$type": "number",
      "$value": 128
    },
    "8xl": {
      "$type": "number",
      "$value": 96
    },
    "7xl": {
      "$type": "number",
      "$value": 72
    },
    "6xl": {
      "$type": "number",
      "$value": 60
    },
    "5xl": {
      "$type": "number",
      "$value": 48
    },
    "4xl": {
      "$type": "number",
      "$value": 40
    },
    "3xl": {
      "$type": "number",
      "$value": 36
    },
    "2xl": {
      "$type": "number",
      "$value": 32
    },
    "xl": {
      "$type": "number",
      "$value": 28
    },
    "lg": {
      "$type": "number",
      "$value": 28
    },
    "base": {
      "$type": "number",
      "$value": 24
    },
    "sm": {
      "$type": "number",
      "$value": 20
    },
    "xs": {
      "$type": "number",
      "$value": 16
    }
  },
  "letterSpacing": {
    "increased": {
      "$type": "number",
      "$value": 1.5
    },
    "default": {
      "$type": "number",
      "$value": 0
    },
    "decreased": {
      "$type": "number",
      "$value": -0.5
    }
  },
  "paragraphSpacing": {
    "3xl": {
      "$type": "number",
      "$value": 32
    },
    "2xl": {
      "$type": "number",
      "$value": 26
    },
    "none": {
      "$type": "number",
      "$value": 0
    }
  },
  "paragraphIndent": {
    "3xl": {
      "$type": "number",
      "$value": 32
    },
    "2xl": {
      "$type": "number",
      "$value": 26
    },
    "none": {
      "$type": "number",
      "$value": 0
    }
  },
  "textCase": {
    "none": {
      "$type": "text",
      "$value": "none"
    },
    "uppercase": {
      "$type": "text",
      "$value": "uppercase"
    },
    "lowercase": {
      "$type": "text",
      "$value": "lowercase"
    },
    "capitalize": {
      "$type": "text",
      "$value": "capitalize"
    },
    "small-caps": {
      "$type": "text",
      "$value": "small-caps"
    },
    "title": {
      "$type": "text",
      "$value": "title"
    },
    "sentence": {
      "$type": "text",
      "$value": "sentence"
    },
    "emphasized": {
      "$type": "text",
      "$value": "emphasized"
    }
  },
  "textDecoration": {
    "none": {
      "$type": "text",
      "$value": "none"
    },
    "underline": {
      "$type": "text",
      "$value": "underline"
    },
    "line-through": {
      "$type": "text",
      "$value": "line-through"
    },
    "overline": {
      "$type": "text",
      "$value": "overline"
    }
  }
}